Incident ID - Hyperlink to AR,Summary
INC000007581874,CCD issue with ccd browser
INC000007581947,  CATIAV5  Catia does not start
INC000007581991,  REACT  react
INC000007582037,access request
INC000007582095,  DVOBROWSER  ACCESS RIGHTS
INC000007582136,SIGLUM issue by opening a REACT request
INC000007582650,CIRCE C HOOK UP data incorrect data
INC000007582754,  CATIAV5  cad cam launcher
INC000007582765, 3D Live environment
INC000007582793,  CATIAV5  cadcam issue
INC000007582815,  CATIAV5  CADCAM_APPLICATIONS
INC000007582964,  DVOBROW  DVO Browser
INC000007582967,Catia  doesn't launch
INC000007583078,problem with CADDS5
INC000007583107,  CatiaV5 QCHECKER
INC000007583416,license manager error
INC000007583521,  CATIAV5  CADCAM_APPLICATIONS
INC000007583523,ACCESS
INC000007583586,  CATIAV5  APP DOES NOT START
INC000007583660,  REACT  request to reopen or redo request
INC000007583757,  CATIAV5  can't access
INC000007583781,  DVOBROW  dvo browser drawings  cant be exported
INC000007583860,  CATIAV5  cadcam does not launch
INC000007583936,  CATIAV5  cadcam does not start
INC000007584277,  CATIAV5  information about last update
INC000007584357,  CATIAV5  Catia V5 Issue
INC000007584941,"  CCD  PRINT ""CGM"" FILE"
INC000007585003,  CATIAV5  catia
INC000007585044,Catscripts  how to install
INC000007587898,  CATIA  cannot connect
INC000007587926,  CATIAV5  catia does not start
INC000007587929,     CATIAV5  Won't Launch
INC000007587934,  CATIAV5  CANNOT START CADCAM
INC000007587950,   CATIAV5  does not start from cadcam launcher
INC000007587968,  CATIAV5  catia  update
INC000007587972,  CADCAM Launcher / CatiaV5 Startproblem
INC000007587993,  3DCOM  LOG IN PROBLEM
INC000007588023,  CATIAV5  don't start
INC000007588046,  CADCAM Launcher / CATIAV5  Cannot start
INC000007588067,  CATIAV5  Error message when installing catia bundle
INC000007588088,  CATIAV5  ech cadcam applications
INC000007588208,ROC catia bundle cannot install
INC000007588215,  CATIAV5  cannot start
INC000007588229,  DVOBROWSER  0KB FILE IN AW FOLDER
INC000007588233,  CATIA V5  not starting
INC000007588244,  CATIAV5  Unable to launch catia
INC000007588276,  CATIAV5  cannot launch
INC000007588282,  CATIAV5  don't start
INC000007588285,does not start
INC000007588362,Nagios proactive license action
